wl,F1,F2,F3,F4,F5,F6,F7,F8,CLEAR,NIR
300,0,0,0,0,0,0,0,0,0,0
302,0,0,0,0,0,0,0,0,0,0
304,0,0,0,0,0,0,0,0,0,0
306,0,0,0,0,0,0,0,0,0,0
308,0,0,0,0,0,0,0,0,0,0
310,0,0,0,0,0,0,0,0,0,0
312,0,0,0,0,0,0,0,0,0,0
314,0,0,0,0,0,0,0,0,0,0
316,0,0,0,0,0,0,0,0,0,0
318,0,0,0,0,0,0,0,0,0,0
320,0,0,0,0,0,0,0,0,0,0
322,0,0,0,0,0,0,0,0,0,0
324,0,0,0,0,0,0,0,0,0,0
326,0,0,0,0,0,0,0,0,0,0
328,0,0,0,0,0,0,0,0,0,0
330,0,0,0,0,0,0,0,0,0,0
332,0,0,0,0,0,0,0,0,0,0
334,0,0,0,0,0,0,0,0,0,0
336,0,0,0,0,0,0,0,0,0,0
338,0,0,0,0,0,0,0,0,0,0
340,0,0,0,0,0,0,0,0,0,0
342,0,0,0,0,0,0,0,0,0,0
344,0,0,0,0,0,0,0,0,0,0
346,0,0,0,0,0,0,0,0,0,0
348,0,0,0,0,0,0,0,0,0,0
350,0,0,0,0,0,0,0,0,0,0
352,0,0,0,0,0,0,0,0,0,0
354,0,0,0,0,0,0,0,0,0,0
356,0,0,0,0,0,0,0,0,0,0
358,0,0,0,0,0,0,0,0,0,0
360,0,0,0,0,0,0,0,0,0,0
362,0,0,0,0,0,0,0,0,0,0
364,0,0,0,0,0,0,0,0,0,0
366,0,0,0,0,0,0,0,0,0,0
368,0,0,0,0,0,0,0,0,0,0
370,0,0,0,0,0,0,0,0,0,0
372,0,0,0,0,0,0,0,0,0,0
374,0,0,0,0,0,0,0,0,0,0
376,0,0,0,0,0,0,0,0,0,0
378,0,0,0,0,0,0,0,0,0,0
380,0,0,0,0,0,0,0,0,0,0
382,0,0,0,0,0,0,0,0,0,0
384,0,0,0,0,0,0,0,0,0,0
386,0,0,0,0,0,0,0,0,0.00511862,0
388,0,0,0,0,0,0,0,0,0.01245702,0
390,0,0,0,0,0,0,0,0,0.026706203,0
392,0,0,0,0,0,0,0,0,0.044947802,0
394,0,0,0,0,0,0,0,0,0.057647835,0
396,0.01377722,0,0,0,0,0,0,0,0.085588532,0
398,0.115901125,0,0,0,0,0,0,0,0.11016144,0
400,0.221780845,0,0,0,0,0,0,0,0.133806386,0
402,0.349836162,0,0,0,0,0,0,0,0.158866599,0
404,0.47431406,0,0,0,0,0,0,0,0.183432434,0
406,0.646688881,0,0,0,0,0,0,0,0.204887796,0
408,0.764073797,0,0,0,0,0,0,0,0.221618852,0
410,0.891046314,0,0,0,0,0,0,0,0.237505739,0
412,0.94225644,0,0,0,0,0,0,0,0.247012,0
414,0.977755588,0,0,0,0,0,0,0,0.261322771,0
416,0.992628087,0,0,0,0,0,0,0,0.269215292,0
418,1,0.019090663,0,0,0,0,0,0,0.277956265,0
420,0.982025045,0.054747737,0,0,0,0,0,0,0.278895319,0
422,0.935605151,0.103293905,0,0,0,0,0,0,0.2933379,0
424,0.871737336,0.174407025,0,0,0,0,0,0,0.300028449,0
426,0.797685788,0.255337765,0,0,0,0,0,0,0.313511409,0
428,0.673826644,0.359453433,0,0,0,0,0,0,0.313805037,0
430,0.556368566,0.471982477,0,0,0,0,0,0,0.3214005,0
432,0.408435501,0.59796826,0,0,0,0,0,0,0.325948248,0
434,0.274706645,0.715203058,0,0,0,0,0,0,0.332144205,0
436,0.163939982,0.808303112,0,0,0,0,0,0,0.33886656,0
438,0.087471619,0.888318161,0,0,0,0,0,0,0.345330999,0
440,0.038645997,0.948529181,0,0,0,0,0,0,0.350494775,0
442,0.003634781,0.986356451,0.005450585,0,0,0,0,0,0.356533124,0
444,0,1,0.020770199,0,0,0,0,0,0.359572542,0
446,0,0.99731422,0.045520566,0,0,0,0,0,0.370544106,0
448,0,0.985419057,0.071142725,0,0,0,0,0,0.377184952,0
450,0,0.955265998,0.110907861,0,0,0,0,0,0.383692678,0
452,0,0.896058793,0.157022752,0,0,0,0,0,0.388751311,0
454,0,0.836170175,0.210872831,0,0,0,0,0,0.392668602,0
456,0,0.74516429,0.288449933,0,0,0,0,0.000557979,0.400479183,0
458,0,0.633411171,0.37809011,0,0,0,0,0,0.407185231,0
460,0,0.516956182,0.466350837,0,0,0,0,0.001094454,0.411464893,0
462,0,0.391772719,0.576907087,0,0,0,0,0.002170171,0.419863045,0
464,0,0.268731107,0.686317952,0,0,0,0,0.000537971,0.425518797,0
466,0,0.180531407,0.797315368,0,0,0,0,0.002669674,0.428843385,0
468,0,0.108097683,0.894827914,0,0,0,0,0.001590542,0.43618243,0
470,0,0.063523154,0.95006301,0,0,0,0,0.001579733,0.442216841,0
472,0,0.03736327,0.973466005,0.003673063,0,0,0,0.002094326,0.446091698,0
474,0,0.022095479,0.988438055,0.008341,0,0,0,0,0.453351188,0
476,0,0,1,0.019696735,0,0,0,0,0.459600463,0
478,0,0,0.998294547,0.029913181,0,0,0,0,0.462328701,0
480,0,0,0.984981986,0.048760486,0,0,0,0,0.468861005,0
482,0,0,0.964618533,0.065428392,0,0,0,0,0.474405464,0
484,0,0,0.930527057,0.095170578,0,0,0,0,0.481017916,0
486,0,0,0.88398037,0.127308911,0,0,0,0,0.485563528,0
488,0,0,0.821784967,0.174294215,0,0,0,0,0.491026802,0
490,0,0,0.756013578,0.229594896,0,0,0,0,0.49673051,0
492,0,0,0.681164048,0.294097397,0,0,0,0,0.50368522,0
494,0,0,0.597609053,0.365429438,0,0,0,0,0.506054385,0
496,0,0,0.499578506,0.451659733,0,0,0,0,0.513031075,0
498,0,0,0.40748502,0.548170991,0,0,0.000644291,0,0.517875102,0
500,0,0,0.314028551,0.643937993,0,0,0,0,0.525287667,0
502,0,0,0.23871814,0.731494735,0,0,0,0,0.530337248,0
504,0,0,0.177674024,0.811160189,0,0,0,0.001976545,0.536810704,0
506,0,0,0.143696099,0.865268855,0.000798685,0,0,0.001944563,0.54236635,0
508,0,0,0.125495858,0.907866615,0.007005581,0,0,0.00189517,0.542469627,0
510,0,0,0.099957138,0.955477093,0.010823715,0,0,0.001882326,0.549132517,0
512,0,0,0.072564225,0.987760318,0.020019495,0,0,0.001406007,0.554909893,0
514,0,0,0.051262983,1,0.029082491,0,0.001812404,0.000931675,0.559518,0
516,0,0,0.031319729,0.996926049,0.042867994,0,0.004192455,0,0.560327658,0
518,0,0,0.015246477,0.985600659,0.058349943,0,0.004160279,0,0.567214929,0
520,0,0,0.004661815,0.960709816,0.07818508,0,0.002952999,0.000455401,0.57032961,0
522,0,0,0.004648721,0.933890483,0.103705278,0,0.005300468,0.001362366,0.576488121,0
524,0,0,0.001747175,0.900860246,0.135717052,0,0.005312341,0.001820557,0.578890566,0
526,0,0,0.001753841,0.851183808,0.179769888,0,0.004147583,0.002741253,0.592252511,0
528,0,0,0,0.793105174,0.230150971,0,0.005956603,0.001837213,0.597642042,0
530,0,0,0,0.724639532,0.286320693,0,0.005409948,0.000927003,0.603105181,0
532,0,0,0,0.641255495,0.355383739,0,0.005435506,0,0.605954482,0
534,0,0,0,0.550080211,0.430894642,0,0.004854798,0,0.607726352,0
536,0,0,0,0.461861205,0.499293638,0,0.00493436,0,0.616524947,0
538,0.007117144,0,0,0.431972658,0.534414007,0.000648411,0.00888523,0.001489401,0.631940123,0
540,0.010304175,0,0,0.337700407,0.61973393,0,0.008576003,0.002012593,0.638724818,0
542,0.012400616,0.003762524,0,0.270475909,0.704210749,0,0.008974642,0.001937653,0.643999159,0
544,0.01506518,0.001804338,0,0.21870792,0.794927819,0.000577904,0.00791906,0.002920379,0.649424756,0
546,0.014475078,0.006501235,0.000326411,0.177162791,0.880087878,0.008329008,0.005623948,0.002550899,0.654501159,0
548,0.019736442,0.008317108,0.001565929,0.147663636,0.948978856,0.018114181,0.004443838,0.001468528,0.659054008,0
550,0.023841307,0.010770905,0.003004333,0.127768253,0.98709938,0.029642433,0.003653907,0.001878309,0.666035965,0
552,0.025010225,0.011151958,0.003764923,0.108194759,0.999690007,0.044339733,0.002348178,0.001357979,0.671324578,0
554,0.027658084,0.010115185,0.003950006,0.088169358,1,0.061435228,0.002859551,0.00264594,0.678240553,0
556,0.033582647,0.011389654,0.005257291,0.071515058,0.992784837,0.083785001,0.003645692,0.00302737,0.683103102,0
558,0.032862153,0.011145297,0.006498315,0.057044913,0.974092597,0.110084271,0.004939583,0.003808825,0.687560829,0
560,0.032746208,0.010544929,0.007941513,0.044575434,0.950981995,0.140049071,0.006439045,0.004758158,0.692409469,0
562,0.034205188,0.007852035,0.010541389,0.037454331,0.92166263,0.176261259,0.008859743,0.005826946,0.698011253,0
564,0.041524574,0.008530673,0.012354909,0.031158069,0.883403979,0.224465005,0.010518337,0.007144968,0.703366875,0
566,0.044782139,0.00786316,0.013028049,0.023004536,0.838334344,0.276425838,0.013924285,0.00851537,0.709060291,0
568,0.047956622,0.006972222,0.01598089,0.019668477,0.782923632,0.336324623,0.01781648,0.008742347,0.713444791,0
570,0.049641494,0.009119532,0.018388596,0.01752536,0.716825739,0.405150866,0.022454258,0.010042168,0.717714459,0
572,0.05145199,0.007174296,0.019883219,0.017603836,0.646681677,0.482359172,0.027599274,0.010471758,0.722397959,0
574,0.054379412,0.007874756,0.022027846,0.017086418,0.572308502,0.564365836,0.034132182,0.01109028,0.726560719,0
576,0.05251202,0.008851609,0.023956848,0.016805219,0.495754883,0.650996755,0.042860389,0.010907762,0.732090878,0
578,0.051322358,0.009550545,0.025687965,0.016899899,0.414381361,0.739613403,0.052486604,0.010439076,0.735914743,0
580,0.051751409,0.009183577,0.026647952,0.016250541,0.339399665,0.823582936,0.062881172,0.00953834,0.741646193,0
582,0.050838275,0.011247438,0.030453756,0.014216135,0.280566239,0.895223172,0.076651988,0.00898396,0.745694994,0
584,0.047204289,0.010635486,0.032839822,0.011605498,0.235630769,0.949475358,0.093153221,0.007511509,0.749166045,0
586,0.048809121,0.011900398,0.035849331,0.008423206,0.196898251,0.984107842,0.112230678,0.00715971,0.751205507,0
588,0.044886148,0.012636276,0.037074822,0.007919226,0.160623618,1,0.135634284,0.006507524,0.754612343,0
590,0.043785514,0.013896966,0.039494235,0.007733015,0.136150919,0.997583489,0.162112674,0.005401331,0.757633764,0
592,0.044976179,0.012271329,0.039326323,0.008162145,0.117899729,0.987209771,0.192910978,0.004302693,0.7645415,0
594,0.045253332,0.012742326,0.039364821,0.009049808,0.095677423,0.972043585,0.227867483,0.003673267,0.770449944,0
596,0.04778706,0.009579879,0.03763355,0.008552262,0.070475612,0.949237222,0.267982113,0.003047733,0.775280984,0
598,0.043924645,0.007986114,0.03511656,0.010180833,0.052809473,0.912240328,0.312846868,0.002577575,0.779164273,0
600,0.046107813,0.008393861,0.029869172,0.012130049,0.037132573,0.857520502,0.377528027,0.003458187,0.781821179,0
602,0.046319163,0.007411234,0.023256206,0.012264337,0.02388754,0.807501505,0.433538368,0.00375611,0.786815257,0
604,0.045364696,0.00705689,0.019436357,0.014152298,0.014622066,0.745054749,0.498168016,0.004272051,0.7905912,0
606,0.043089836,0.00909386,0.019206124,0.014809107,0.011182746,0.68028966,0.562842777,0.004886842,0.795053698,0
608,0.044931035,0.009295035,0.019979744,0.015534003,0.00945591,0.614516011,0.632322127,0.005584631,0.799649485,0
610,0.044975559,0.011940448,0.021125227,0.016433577,0.007697178,0.550221308,0.707274402,0.006692986,0.804440065,0
612,0.049213914,0.014277066,0.022063018,0.01706112,0.006633644,0.481107552,0.783346112,0.008184612,0.808289509,0
614,0.048498962,0.016518383,0.02296651,0.018629881,0.006845307,0.408829693,0.853621159,0.009722012,0.811910919,0
616,0.052036403,0.017726707,0.023629848,0.019238916,0.007199122,0.339748141,0.913989597,0.011893825,0.815044228,0
618,0.052428865,0.021329683,0.024944353,0.020661667,0.007713283,0.290592537,0.955794353,0.014390869,0.818996636,0
620,0.054588182,0.023927864,0.026327622,0.021120392,0.008368684,0.245529903,0.984174115,0.017678552,0.822927783,0
622,0.05689625,0.024566768,0.027877303,0.021637809,0.009148783,0.196071582,0.998897098,0.021297637,0.827597003,0
624,0.058301241,0.027802319,0.027795235,0.021385749,0.009747175,0.152889758,1,0.026410864,0.83304675,0
626,0.059064011,0.029142637,0.027824369,0.022073964,0.010548009,0.126085068,0.998193015,0.032523393,0.837455945,0
628,0.060331295,0.029642228,0.028668611,0.023557647,0.0115404,0.109330666,0.990998008,0.04003431,0.841725162,0
630,0.063873611,0.031604733,0.029666143,0.023865051,0.012696453,0.093107821,0.97554421,0.049962618,0.843711935,0
632,0.066817887,0.033972081,0.030318532,0.024186975,0.013168608,0.074775329,0.957713031,0.060600101,0.846358803,0
634,0.068854277,0.035503592,0.030826252,0.022412557,0.014540621,0.057138383,0.933586504,0.075035248,0.848660194,0
636,0.070844937,0.036993139,0.031003711,0.021055931,0.015519049,0.045918198,0.906640492,0.092596983,0.852302584,0
638,0.072777127,0.038435582,0.032032486,0.019253569,0.016669653,0.039465579,0.876885599,0.114771025,0.855786182,0
640,0.075597697,0.040371709,0.033016484,0.019230329,0.018110068,0.034125797,0.840799568,0.142239727,0.860137884,0
642,0.077195046,0.042279761,0.033690252,0.01946798,0.01899046,0.026559008,0.798357479,0.173225125,0.864588516,0
644,0.078509339,0.043591089,0.034546182,0.019620079,0.019583643,0.019761032,0.750423052,0.209904289,0.868570448,0
646,0.077724861,0.044085816,0.033996806,0.019697343,0.020037994,0.015726526,0.695771802,0.253410724,0.872585078,0
648,0.075614057,0.042497127,0.033179597,0.019930577,0.021300201,0.014485334,0.637044765,0.30106171,0.875952148,0
650,0.074263795,0.043016963,0.032107338,0.020313626,0.022592563,0.014105755,0.579876947,0.355129316,0.879104758,0
652,0.075247914,0.042556112,0.031574008,0.0208557,0.023505254,0.013751447,0.527624149,0.410855107,0.881802731,0
654,0.075525799,0.040475933,0.031139468,0.020935969,0.024626857,0.013402636,0.469219973,0.47124369,0.883624448,0
656,0.072808952,0.036750508,0.029713703,0.021604445,0.025611888,0.012912295,0.407445772,0.535391133,0.887600972,0
658,0.072928231,0.034210227,0.027134567,0.021323467,0.02762485,0.012899782,0.355015069,0.604111576,0.891744652,0
660,0.071844062,0.033680621,0.025094478,0.021987146,0.029322194,0.013513065,0.319748697,0.672852244,0.895874655,0
662,0.07346819,0.03362639,0.023630199,0.022348408,0.030454096,0.013955557,0.286580067,0.745997192,0.900124946,0
664,0.075539044,0.035245947,0.023898551,0.022792467,0.031193669,0.015451738,0.248292021,0.812540675,0.903651499,0
666,0.077977192,0.034979455,0.023901009,0.023433379,0.032255275,0.016026079,0.209704913,0.872169813,0.907329575,0
668,0.080179268,0.036101633,0.02382237,0.02325463,0.034077175,0.01600443,0.183706032,0.921415691,0.910470774,0
670,0.081738297,0.036293511,0.02340395,0.023882617,0.03613571,0.015838094,0.167079875,0.960501898,0.913067222,0
672,0.083940436,0.037079469,0.023693935,0.023594146,0.037918152,0.016410501,0.151374286,0.984433072,0.91619636,0
674,0.086902783,0.037636107,0.024067417,0.024366694,0.039406807,0.016975883,0.13207689,0.991814223,0.917699004,0
676,0.0902435,0.039305222,0.024944861,0.024746772,0.040888501,0.016549449,0.115791002,0.996164405,0.921995891,0
678,0.093126181,0.040500971,0.025637973,0.02427651,0.04276094,0.015426017,0.106193293,1,0.925264042,0
680,0.094863284,0.041046,0.026005533,0.023313911,0.044309175,0.014328928,0.100786055,0.998591078,0.930195304,0
682,0.094145155,0.041274102,0.026295623,0.022438213,0.046630929,0.014220456,0.094347437,0.988113994,0.933527835,0
684,0.093122808,0.042061106,0.026921186,0.022284226,0.048484163,0.014945556,0.084223762,0.973584972,0.937270564,0
686,0.093486727,0.043186028,0.028117968,0.022775009,0.049112583,0.01567157,0.073071423,0.954594051,0.940694084,0
688,0.093105097,0.044404021,0.029380485,0.022886204,0.048047748,0.016524574,0.066252763,0.928887774,0.943035071,0
690,0.09384913,0.045928816,0.030077865,0.022317267,0.045325316,0.017234997,0.062733338,0.898913322,0.945174279,0
692,0.091679751,0.047035164,0.03140817,0.021639737,0.042549496,0.017943716,0.05935686,0.865797471,0.947488198,0
694,0.086275241,0.047522323,0.032970319,0.02060893,0.041426748,0.018917652,0.05381446,0.828744789,0.949959546,0
696,0.08259098,0.048331572,0.033982875,0.02093837,0.040829717,0.020021122,0.047555238,0.786982671,0.952139699,0
698,0.079479473,0.049438919,0.0356041,0.021141786,0.040185876,0.020980812,0.043789578,0.738291682,0.95497615,0
700,0.078235602,0.050353941,0.037304283,0.021353122,0.038971462,0.021810092,0.042270128,0.684589494,0.957638592,0
702,0.076142535,0.052103743,0.038932192,0.02211564,0.036156135,0.021988999,0.041329718,0.625707242,0.960752506,0
704,0.075331407,0.052526802,0.040708525,0.02251631,0.033171364,0.021779362,0.039471424,0.564259078,0.963580438,0
706,0.074375055,0.053372097,0.042258419,0.022683101,0.031592687,0.02196912,0.035626584,0.507796045,0.965575873,0
708,0.072720279,0.051890382,0.043497591,0.022612231,0.031298365,0.022548423,0.032426989,0.45590408,0.968081824,0
710,0.071801297,0.050732063,0.044587408,0.023201382,0.031061766,0.023904722,0.031178656,0.398848344,0.969491009,0
712,0.072345529,0.049711013,0.045546994,0.024276366,0.03099112,0.025784166,0.030800507,0.337945013,0.971479032,0
714,0.073618193,0.049112861,0.046366727,0.024881145,0.031028402,0.02805048,0.030894363,0.282436701,0.972778196,0
716,0.077387625,0.049642023,0.047280079,0.025613379,0.030449214,0.029807784,0.029777052,0.241764668,0.974943378,0
718,0.080659716,0.050496238,0.047838476,0.026711706,0.030177879,0.031704643,0.027760222,0.213523473,0.97789726,0
720,0.084807881,0.052451479,0.047869596,0.027218368,0.030730693,0.033727149,0.026435674,0.185341973,0.980875652,0
722,0.087368377,0.053404323,0.046244822,0.027311833,0.031766744,0.036771765,0.025724852,0.153213818,0.983872024,0
724,0.090337985,0.05349317,0.043750224,0.026834324,0.032678599,0.040607032,0.025719486,0.12375776,0.985965416,0
726,0.093329423,0.053395246,0.04134217,0.027012297,0.033259977,0.045348406,0.025109905,0.104165335,0.988589564,0
728,0.095829442,0.054217441,0.040982479,0.027200404,0.033902359,0.049339857,0.02321139,0.092609826,0.98942692,0
730,0.100089486,0.055239857,0.041375704,0.027742528,0.033674013,0.05051346,0.021311082,0.082987575,0.98967902,0
732,0.1045893,0.057397464,0.04224601,0.028360509,0.032932081,0.045044589,0.020108592,0.072692528,0.989927491,0
734,0.10877903,0.060079196,0.043509026,0.02839705,0.032635069,0.033794846,0.020211058,0.059326942,0.989761843,0
736,0.113372737,0.061986347,0.044791146,0.028858552,0.032785878,0.025870472,0.020704391,0.047066571,0.989801606,0
738,0.114847351,0.06372609,0.045263432,0.028918597,0.033048786,0.023344768,0.02105484,0.039284,0.990125263,0
740,0.117776979,0.064077171,0.045521443,0.029224413,0.033028621,0.023787284,0.021104156,0.034684151,0.991429482,0
742,0.120572015,0.065052662,0.046325197,0.030075949,0.032576206,0.024497024,0.021622204,0.030963216,0.993127682,0
744,0.124325178,0.06666977,0.047305738,0.031483574,0.030466836,0.025481036,0.021687498,0.02627876,0.994522848,0
746,0.128506799,0.068831246,0.048463593,0.032911994,0.027764523,0.026219984,0.022383049,0.021633897,0.996736713,0
748,0.131507932,0.07093125,0.049955399,0.03454359,0.025695298,0.027366664,0.023325833,0.018467373,0.997568866,0
750,0.133850965,0.073171912,0.051164938,0.036380114,0.024758686,0.028925108,0.02443978,0.017455863,0.998709267,0
752,0.133887576,0.075035105,0.052007683,0.038057666,0.024218183,0.02984276,0.025725789,0.017167544,0.999779784,0
754,0.131420435,0.075490188,0.052329319,0.039274318,0.023881056,0.030911233,0.026794799,0.017126078,1,0
756,0.12568626,0.075770424,0.051733501,0.041254594,0.023348474,0.032268675,0.027805084,0.017090751,0.999557794,0
758,0.117258705,0.074877093,0.049529298,0.042930154,0.022480092,0.034077998,0.028536387,0.016826516,0.999262395,0
760,0.112549971,0.074894913,0.047347802,0.044549383,0.021215803,0.035947859,0.029549345,0.016638623,0.997445071,0
762,0.111204972,0.074091885,0.046046571,0.046519896,0.019963514,0.037941705,0.030383256,0.016305884,0.996698809,0
764,0.114492697,0.075599423,0.045917784,0.049126353,0.018481636,0.040082082,0.031704627,0.016528353,0.996477524,0
766,0.116715191,0.077251171,0.04644593,0.051396286,0.017765378,0.042120647,0.033131826,0.0170105,0.995569742,0
768,0.120443404,0.079994665,0.04703834,0.053568964,0.018107765,0.043545538,0.034536689,0.017774992,0.996648958,0
770,0.124944876,0.082218531,0.048022766,0.05545141,0.018423508,0.044203763,0.03542024,0.018443581,0.996682243,0
772,0.129876371,0.083892413,0.048855082,0.057265565,0.018499056,0.042540493,0.035248064,0.018831276,0.996377944,0
774,0.134358336,0.086267424,0.049745817,0.057594732,0.019064973,0.040330916,0.033724352,0.019048116,0.995892946,0
776,0.137638114,0.087397197,0.049281383,0.056587707,0.019518428,0.037796392,0.032084725,0.019126148,0.996148103,0
778,0.138255077,0.086674882,0.048747167,0.054475709,0.019821369,0.035111242,0.031123081,0.019867577,0.996291384,0
780,0.138317392,0.08551693,0.049230152,0.053214316,0.020347861,0.032265521,0.030586487,0.020620144,0.993595859,0
782,0.139231411,0.085847248,0.050417162,0.051963489,0.020562022,0.029261414,0.030315475,0.021256683,0.991304586,0
784,0.141822815,0.08588862,0.051985625,0.050927586,0.020899187,0.025370517,0.030058058,0.022378024,0.989367313,0
786,0.14565225,0.086504099,0.053832224,0.050150861,0.021186343,0.022456457,0.029712352,0.023111642,0.98664188,0
788,0.146360823,0.087960751,0.055893628,0.04992371,0.021650934,0.019368637,0.029897966,0.024132335,0.984741907,0
790,0.146882331,0.088517684,0.057289146,0.050035857,0.022345258,0.01668571,0.029295498,0.024692145,0.982696692,0
792,0.142951223,0.088402002,0.058189008,0.049748071,0.023220932,0.013971158,0.028424969,0.025195449,0.980138809,0
794,0.132601811,0.084545944,0.058571727,0.04938648,0.023768867,0.01256698,0.028611925,0.025979729,0.977860455,0
796,0.116941904,0.078165057,0.058424436,0.049294141,0.02460657,0.012498748,0.028619993,0.026495883,0.976499935,0
798,0.102294419,0.069314122,0.058615112,0.049744875,0.025276594,0.012577654,0.029432662,0.027220085,0.974167022,0
800,0.096213201,0.062589265,0.060041081,0.050954839,0.025715431,0.012500442,0.030335308,0.027733067,0.972471368,0
802,0.093424764,0.06093041,0.060041307,0.052532002,0.025985724,0.013649092,0.031339948,0.026772475,0.969715897,0
804,0.094142516,0.06089948,0.060910467,0.054307424,0.026010144,0.013877237,0.032244676,0.023517425,0.965804827,0
806,0.094409332,0.060967693,0.061220672,0.055939682,0.026610485,0.014722795,0.033424554,0.020362161,0.962554452,0
808,0.095696851,0.063070209,0.06195911,0.057414836,0.027085073,0.015568771,0.034412692,0.019025109,0.958763477,0
810,0.098024857,0.064186403,0.060654192,0.058661019,0.028141539,0.016571453,0.035766492,0.018816862,0.954505727,0
812,0.098159715,0.066130146,0.059395176,0.059303944,0.029130168,0.016944428,0.036455088,0.019100301,0.949468998,0
814,0.099304957,0.067548088,0.057715777,0.059256825,0.029688793,0.017937117,0.03702843,0.01980567,0.944606089,0
816,0.099302904,0.06892465,0.055615696,0.057279372,0.030942974,0.01829119,0.037296225,0.020283046,0.939747584,0
818,0.097484623,0.069878558,0.054018616,0.054447431,0.031103091,0.019578526,0.03734558,0.0207451,0.934085152,0
820,0.097499639,0.072231292,0.053841277,0.050820584,0.0318826,0.020055289,0.037069081,0.020820842,0.928207466,0
822,0.099623033,0.07330881,0.054838589,0.04796427,0.032464437,0.021151512,0.037523205,0.021319408,0.923909917,0
824,0.100768659,0.076026555,0.056607977,0.045786864,0.032533916,0.021749704,0.03737212,0.021504131,0.919320231,0
826,0.101591126,0.078410279,0.05785036,0.044295363,0.03369711,0.023266512,0.037745486,0.022027266,0.91469275,0
828,0.104034923,0.081319127,0.059124255,0.043493372,0.034053811,0.023499561,0.037895263,0.022599005,0.909955392,0
830,0.104427488,0.083756925,0.060236155,0.042796992,0.034431847,0.024642615,0.038284002,0.02307155,0.904677794,0
832,0.106614662,0.087045309,0.061816693,0.042773817,0.035470007,0.025281423,0.03881089,0.023513595,0.900007305,0
834,0.107201894,0.088052736,0.063233437,0.042429475,0.035534087,0.025736274,0.038930095,0.023646499,0.895291916,0
836,0.106379215,0.090480565,0.064006736,0.041822236,0.03560766,0.026150478,0.038813564,0.023675797,0.889278895,0
838,0.106937121,0.091136715,0.064268401,0.04077089,0.035249708,0.026384527,0.037853365,0.02284889,0.88380914,0
840,0.104245238,0.089778378,0.063817659,0.039543373,0.034679001,0.026727628,0.035515777,0.021867083,0.877540535,0
842,0.10271176,0.088113104,0.063041088,0.038500822,0.033575764,0.027181626,0.031238448,0.019788529,0.870728055,0
844,0.099888264,0.085469053,0.062296959,0.037438163,0.032625527,0.027447898,0.025885085,0.017599454,0.864236282,0
846,0.099043806,0.082822118,0.061522226,0.037439739,0.031891576,0.028411146,0.021331433,0.015982147,0.857877893,0
848,0.098887855,0.081707284,0.061786931,0.038055044,0.03140833,0.02860073,0.018317913,0.014912971,0.850981399,0
850,0.099468716,0.081248813,0.061355285,0.038053358,0.031191083,0.029478432,0.016638481,0.014319952,0.845021342,0
852,0.099496105,0.080025651,0.060839931,0.038311961,0.031612754,0.029590335,0.015891391,0.014168192,0.839155277,0.020990659
854,0.09955184,0.079353298,0.059440623,0.038375724,0.031506882,0.029651673,0.015467976,0.013873081,0.832597072,0.041292888
856,0.099879806,0.078732785,0.057873433,0.037906253,0.031475994,0.028876966,0.015364016,0.014006517,0.826520763,0.040588115
858,0.098704009,0.078201907,0.05509263,0.037010722,0.031930504,0.02798394,0.015178215,0.014129282,0.820140879,0.099723792
860,0.096705289,0.076658057,0.049887242,0.036089318,0.032172638,0.02733811,0.015129776,0.013928138,0.813583625,0.137037635
862,0.090751478,0.072875861,0.044191089,0.034376404,0.032161375,0.027220672,0.015080945,0.014082939,0.806721024,0.153755563
864,0.085062643,0.068352888,0.038204724,0.032736279,0.031916968,0.027443523,0.015012705,0.013696395,0.79953802,0.207331674
866,0.079189665,0.062040764,0.035006793,0.032596956,0.031748586,0.028124774,0.014862155,0.013032879,0.7918514,0.258669384
868,0.07633742,0.05737428,0.033552379,0.03207507,0.030544479,0.028538501,0.014573866,0.012284295,0.783887896,0.253651843
870,0.074986921,0.054861923,0.032680642,0.032197453,0.029673456,0.029266219,0.014565353,0.011717048,0.774823089,0.372942906
872,0.074084163,0.053289851,0.032214868,0.03222761,0.028544823,0.030048842,0.014198681,0.011477258,0.766455303,0.330519149
874,0.073528789,0.052134209,0.032100074,0.032309197,0.027589781,0.030687917,0.014250325,0.011350992,0.757933374,0.392086715
876,0.072487122,0.050900523,0.031706598,0.032720197,0.026903088,0.030726455,0.014355376,0.011170729,0.749324048,0.467607513
878,0.071177418,0.049538358,0.031578046,0.032161656,0.02636185,0.030433208,0.014582778,0.01099575,0.741415468,0.523657321
880,0.07005806,0.0484737,0.031326625,0.03206187,0.025999631,0.029936212,0.014862984,0.010924132,0.733031418,0.561398908
882,0.066917805,0.046673886,0.030565796,0.030929531,0.025351917,0.028806024,0.015055675,0.01055813,0.724387215,0.597094303
884,0.064179397,0.044864138,0.02983384,0.030122427,0.024113483,0.028331035,0.014936305,0.010112594,0.716280368,0.646729583
886,0.063574851,0.043105211,0.029351766,0.028965424,0.022196889,0.027362302,0.014814665,0.009542377,0.708047289,0.633734203
888,0.063326049,0.04220878,0.029603597,0.028543132,0.019816371,0.027086623,0.014564833,0.008984549,0.699683251,0.723980656
890,0.063336419,0.041788382,0.029557155,0.028749218,0.018468721,0.027007866,0.014379114,0.008623597,0.691938654,0.7380183
892,0.063710526,0.041736702,0.030108942,0.028980141,0.017594293,0.027298179,0.014251851,0.008532908,0.683427444,0.779577275
894,0.065225647,0.041987594,0.030648398,0.028999493,0.016933905,0.027033973,0.014353382,0.00844858,0.674547293,0.819729095
896,0.065327612,0.0425145,0.031223028,0.029394637,0.016641067,0.027143388,0.014452409,0.008409783,0.665875581,0.831157225
898,0.065120802,0.042310521,0.031967518,0.030157409,0.016259044,0.027321828,0.014556259,0.008528687,0.655755937,0.820356508
900,0.066437631,0.043157689,0.032805394,0.030594825,0.01629718,0.027559718,0.014782844,0.00867728,0.647060238,0.882133745
902,0.066525676,0.043628689,0.033451097,0.030966033,0.016201172,0.027778926,0.014945422,0.009010494,0.638006937,0.903058002
904,0.066266899,0.044143689,0.034215805,0.031777449,0.016014499,0.027988214,0.015199327,0.009254575,0.629173822,0.860756592
906,0.065808193,0.044141893,0.034720235,0.03226609,0.01568502,0.028276027,0.015591428,0.009602932,0.619520466,0.905900426
908,0.064673709,0.044561776,0.034917388,0.032736293,0.01559491,0.028425557,0.01574959,0.009876333,0.610447777,0.938406804
910,0.062674387,0.044325245,0.034255506,0.032843094,0.014965618,0.028393476,0.016031007,0.009989596,0.599943361,0.945491694
912,0.060118284,0.04380179,0.033484729,0.032560534,0.014272704,0.028519397,0.016304475,0.010170682,0.590730615,0.975666725
914,0.057744928,0.042995545,0.031580945,0.031587589,0.013572975,0.028637332,0.016476495,0.010205443,0.581330581,0.947604751
916,0.056421501,0.041791627,0.029725234,0.030607581,0.012852702,0.028629577,0.016481151,0.010180325,0.572032512,1
918,0.055642134,0.040911397,0.028444109,0.029793275,0.012044532,0.028988377,0.01657306,0.010256985,0.563030464,0.962285074
920,0.055851893,0.040547304,0.027614292,0.029290186,0.011745801,0.029539831,0.016612137,0.010393097,0.553584366,0.990652465
922,0.055589983,0.039988481,0.027195991,0.029042512,0.011514321,0.030582459,0.016656424,0.010724628,0.544800796,0.943481945
924,0.056215789,0.039403533,0.02704478,0.029036162,0.011266733,0.031044049,0.016662716,0.010953199,0.535968933,0.961374444
926,0.056844084,0.038741869,0.026907648,0.029199176,0.011030269,0.031917325,0.01667485,0.011432571,0.527350366,0.937440678
928,0.057129755,0.038077408,0.027116742,0.029257,0.010886449,0.032725834,0.016538504,0.01190863,0.518414199,0.93549791
930,0.05789709,0.03735047,0.027377397,0.029932177,0.010667139,0.033650684,0.01631957,0.012490978,0.510015669,0.894874958
932,0.058720508,0.037048621,0.027118005,0.030446574,0.010490599,0.034598465,0.015926643,0.013230139,0.500996623,0.906541674
934,0.05957106,0.036520818,0.027310028,0.031034311,0.01044945,0.035487789,0.015355348,0.01393505,0.492276648,0.908660897
936,0.060409139,0.036355452,0.027379729,0.031729789,0.010255233,0.03638586,0.015100787,0.014885051,0.483167764,0.878462529
938,0.061260993,0.036058464,0.027383311,0.032422234,0.010139027,0.037175884,0.014548396,0.01589465,0.473729186,0.866425623
940,0.061700662,0.035796697,0.027407615,0.033091834,0.010081593,0.037846182,0.014286863,0.017065112,0.464827581,0.855363873
942,0.061382715,0.035117749,0.027337841,0.034106718,0.009739409,0.038175957,0.014173148,0.018088824,0.45461713,0.858090031
944,0.06041809,0.034959512,0.026992171,0.034743013,0.009610929,0.038013443,0.014126897,0.01852963,0.445251486,0.815114871
946,0.058033936,0.033840998,0.026912112,0.035396764,0.009342554,0.03688608,0.014008448,0.017259807,0.435379219,0.82707762
948,0.054863099,0.033668191,0.026480431,0.035683459,0.009081956,0.035050028,0.013970567,0.014032544,0.425895668,0.80185209
950,0.052951308,0.033184317,0.026071833,0.036382943,0.009108394,0.032712377,0.013941985,0.010271997,0.415791363,0.796022015
952,0.051034586,0.032591713,0.025831423,0.036908802,0.009082759,0.030571437,0.014049795,0.007622575,0.407142173,0.780589283
954,0.049994101,0.032632649,0.025781792,0.037496227,0.008856067,0.029138263,0.014197243,0.006540632,0.398373122,0.783918226
956,0.048962527,0.033229548,0.025870318,0.038290566,0.009106092,0.028021935,0.014447666,0.006024036,0.389346411,0.769001122
958,0.048744378,0.033573699,0.026053078,0.03897716,0.00923698,0.026912637,0.014689146,0.00589526,0.380451992,0.76301445
960,0.048226349,0.034110934,0.026452062,0.039642676,0.009414298,0.026421097,0.01510886,0.005797994,0.371917499,0.766349828
962,0.048293892,0.034834532,0.026819585,0.040069001,0.009547967,0.026003715,0.0152484,0.005811622,0.363559722,0.734490719
964,0.049224872,0.035493062,0.027277162,0.040210673,0.009699094,0.025585082,0.015555031,0.005850183,0.354632915,0.773165726
966,0.049050057,0.036154346,0.027601729,0.040151132,0.009873168,0.025527356,0.015759392,0.005969766,0.346143136,0.759204214
968,0.049578315,0.036845828,0.028052489,0.03976932,0.010043351,0.025409121,0.015958542,0.006007751,0.337908424,0.72798258
970,0.050492298,0.037218199,0.028297378,0.039027212,0.010297637,0.025350547,0.01622354,0.006097818,0.329416939,0.748862968
972,0.050562129,0.037911322,0.028518196,0.037868836,0.010360854,0.025417066,0.016424737,0.006033346,0.321244194,0.735585746
974,0.051500009,0.037732181,0.028681208,0.036039651,0.01044855,0.025323789,0.016629847,0.006230522,0.31342136,0.731257629
976,0.051573198,0.03754832,0.02890284,0.033530324,0.010575526,0.025171089,0.016796176,0.006270043,0.305258169,0.735299932
978,0.052038857,0.036289996,0.029095796,0.030725333,0.010766392,0.024970338,0.016666195,0.006387182,0.297385659,0.705851178
980,0.052568017,0.034264637,0.028957624,0.02771968,0.010703238,0.024713291,0.016634312,0.006375114,0.288944666,0.726771855
982,0.051746594,0.031069445,0.028569772,0.025210936,0.010290791,0.02419051,0.01647596,0.006566847,0.280549468,0.722715534
984,0.051768837,0.027018442,0.028223489,0.023061458,0.00992599,0.023295049,0.016192012,0.006581828,0.272112913,0.718834741
986,0.051725007,0.023311861,0.027853665,0.021214007,0.009566712,0.022140959,0.01588139,0.006722727,0.26368929,0.715116938
988,0.050499318,0.02061739,0.027077154,0.020085545,0.009089627,0.020730514,0.015769233,0.006688901,0.255927882,0.695161976
990,0.050251719,0.018624431,0.026184506,0.018945556,0.008740171,0.019497785,0.015435198,0.006705593,0.247726339,0.683615318
992,0.049867427,0.017867032,0.02565125,0.018535281,0.008476386,0.018601649,0.015458158,0.006575434,0.24006397,0.688488486
994,0.049642828,0.017411668,0.024782823,0.018255243,0.008397931,0.017824116,0.015547508,0.006496786,0.232219642,0.701514353
996,0.049927115,0.017000709,0.024264077,0.018318913,0.00823943,0.017371141,0.015445104,0.006394007,0.224966725,0.674241796
998,0.049203544,0.017257594,0.023475265,0.018118056,0.008283698,0.017031671,0.015567495,0.006269202,0.218003987,0.695306722
1000,0.0492835,0.01743092,0.022725325,0.018380544,0.008288247,0.016643281,0.015626856,0.006145777,0.210461856,0.708268069
1002,0.048931437,0.017316364,0.02173527,0.018544377,0.008589705,0.016468097,0.015685844,0.006143914,0.203455776,0.713201184
1004,0.049012011,0.017406505,0.020968337,0.01873078,0.00875062,0.016242075,0.015775367,0.006046066,0.196039026,0.694415777
1006,0.048530194,0.017702185,0.02015048,0.01899102,0.008813713,0.016072976,0.015867123,0.006141326,0.189886685,0.715212333
1008,0.048141345,0.017799979,0.019651067,0.019160951,0.008918747,0.015911189,0.015964128,0.006285783,0.182515436,0.69696351
1010,0.047964747,0.018339275,0.01939685,0.019399727,0.008983465,0.015956097,0.016120922,0.006452504,0.176112552,0.702209149
1012,0.047563914,0.018387405,0.019138957,0.019441637,0.009083914,0.015790314,0.016210577,0.006497949,0.169707393,0.691668797
1014,0.047110618,0.018840923,0.019220361,0.019725238,0.009147756,0.0157332,0.016304608,0.00670988,0.163345989,0.65819323
1016,0.046784554,0.01876654,0.01914448,0.019858879,0.009246486,0.015620041,0.016453125,0.006777192,0.156976228,0.671020478
1018,0.046853244,0.019027859,0.019206536,0.020056857,0.009276277,0.015369466,0.01664618,0.006990596,0.150567882,0.676690852
1020,0.046243682,0.019176395,0.019246019,0.019957869,0.009367046,0.015227909,0.016723785,0.007088981,0.1441413,0.667258429
1022,0.045636014,0.019600236,0.019284759,0.020022001,0.009418868,0.014934788,0.016860842,0.007279685,0.138084939,0.665506159
1024,0.045036062,0.019432615,0.019414297,0.019785571,0.009490429,0.01444268,0.016878546,0.007330946,0.131960325,0.663829873
1026,0.044542577,0.019398747,0.019410094,0.019333321,0.009340721,0.013812578,0.016939231,0.007480281,0.125850527,0.655055974
1028,0.043512485,0.019214075,0.019116251,0.018564268,0.009308482,0.012937226,0.016645292,0.007539054,0.119744179,0.638915039
1030,0.042339735,0.019191388,0.019202195,0.017511131,0.009183838,0.012142919,0.016292759,0.007653093,0.114181429,0.621694983
1032,0.041546878,0.018947941,0.019006949,0.016453307,0.009104152,0.011211552,0.015625697,0.007656903,0.108450247,0.605011308
1034,0.041007183,0.018382831,0.018889299,0.015529297,0.008906431,0.010528107,0.014982654,0.007610218,0.103077326,0.588055346
1036,0.04043829,0.018381015,0.018730437,0.014738525,0.008792783,0.010106524,0.014267282,0.007684865,0.097712365,0.571709161
1038,0.039888437,0.018084377,0.018694089,0.014184466,0.008574807,0.009525446,0.013714895,0.007612403,0.092529892,0.547220994
1040,0.03927929,0.01782272,0.018576049,0.01381912,0.008429888,0.009410747,0.013161208,0.007690922,0.087378567,0.531354826
1042,0.038918392,0.017581217,0.018449576,0.013515339,0.008481361,0.009108624,0.012711671,0.007732235,0.082556568,0.493667666
1044,0.038420044,0.01730846,0.018231874,0.013233349,0.008330897,0.009087142,0.012240333,0.007713999,0.078152382,0.492503389
1046,0.038232058,0.017053763,0.018119913,0.012920028,0.008245033,0.008877413,0.011782805,0.007703428,0.073730942,0.469472614
1048,0.037519798,0.016798654,0.017990336,0.012749277,0.00815895,0.008786288,0.011587028,0.007573961,0.069476007,0.469874372
1050,0.036851104,0.016387053,0.017671796,0.012501945,0.008015686,0.008772204,0.011274838,0.00756182,0.065440424,0.439335699
1052,0.0362375,0.01594067,0.017315063,0.01243113,0.007818039,0.008345639,0.010997372,0.007465,0.061499209,0.422806149
1054,0.035539837,0.01545012,0.016950731,0.012150812,0.007654152,0.008210763,0.010715501,0.007274622,0.057717609,0.384001913
1056,0.034664189,0.015228199,0.016486026,0.011991252,0.007454453,0.008145213,0.010490196,0.007125319,0.054208244,0.375847742
1058,0.033959365,0.014831932,0.016039127,0.011664635,0.007281158,0.007990508,0.010188918,0.007005934,0.050927477,0.346006445
1060,0.033408033,0.014493424,0.015580761,0.011436008,0.006914736,0.007789801,0.010011836,0.006774651,0.047802893,0.325714945
1062,0.032674976,0.014038054,0.014928914,0.011191939,0.006861602,0.00765834,0.010008575,0.006582519,0.04493963,0.283688885
1064,0.031902082,0.01363117,0.014453546,0.010864544,0.006683649,0.007519682,0.009844479,0.00638636,0.042333688,0.291525305
1066,0.031255292,0.013085725,0.014086877,0.010624278,0.006401024,0.007346873,0.009635639,0.006161357,0.039926312,0.26820976
1068,0.030604346,0.013077325,0.013632205,0.010518461,0.006248368,0.007418889,0.009630487,0.005981347,0.037689794,0.230133284
1070,0.029972549,0.012540069,0.013215949,0.01005763,0.006210657,0.007249119,0.009454943,0.005760427,0.035761046,0.229425136
1072,0.028915781,0.012328137,0.012762551,0.009748045,0.005923415,0.006943536,0.009205976,0.005571027,0.033946008,0.214262489
1074,0.026774214,0.011948832,0.01221883,0.009389703,0.00586922,0.006798191,0.00885814,0.005324981,0.032032961,0.192135523
1076,0.02542778,0.011450587,0.011900534,0.008825255,0.00564677,0.006650325,0.008565282,0.005166815,0.030437054,0.147771169
1078,0.024474077,0.01128403,0.011465286,0.008347927,0.005566483,0.006370639,0.008029024,0.004997857,0.028908868,0.162898885
1080,0.023317441,0.010888308,0.010971986,0.007824433,0.005356882,0.006188851,0.007491519,0.004783729,0.027543251,0.148431225
1082,0.021955358,0.010498101,0.010791738,0.007322172,0.005168167,0.006037578,0.006872518,0.004690425,0.026204163,0.118667939
1084,0.021472995,0.010295266,0.01061765,0.006888284,0.005107491,0.005856621,0.006274865,0.004589733,0.02500369,0.096671695
1086,0.020159202,0.010083136,0.010463119,0.006651149,0.00494935,0.005719391,0.005728182,0.0044169,0.023611597,0.104297909
1088,0.019597049,0.009687919,0.010278219,0.006417281,0.004795367,0.005664026,0.005340589,0.004321673,0.022426376,0.104186439
1090,0.019105638,0.009674386,0.010159617,0.006411114,0.004751843,0.00553051,0.004883662,0.004355515,0.021265914,0.067149909
1092,0.018525266,0.009577464,0.009848944,0.006193676,0.004667637,0.005321969,0.004550621,0.004210685,0.02000612,0.067011121
1094,0.017980382,0.009264064,0.0097967,0.006079058,0.004590898,0.005291411,0.004360536,0.004180197,0.019078837,0.067249034
1096,0.01754255,0.009209332,0.00972153,0.005841146,0.004471092,0.005084695,0.00414703,0.004150209,0.017993544,0.05221334
1098,0.016977384,0.009078956,0.009485173,0.005856469,0.004277359,0.005048538,0.004010466,0.004070143,0.017041568,0.044871699
1100,0.01645253,0.008936175,0.009340694,0.005520834,0.004283154,0.00483601,0.003851437,0.003967257,0.016104966,0.037280945
